client_id	path	sentence	up_votes	down_votes	age	gender	accents	locale	segment
b768b87daed4d46a15b05f037c9a4f8e71021daa67107983e4865e35ebf402b0d2ceebe29adc2bd0798b9d9c47aa3b98b55511770cd9c57a66b7a6fb49b440d5	common_voice_da_27754015.mp3	nej	1	2	thirties	female		da	Benchmark
b768b87daed4d46a15b05f037c9a4f8e71021daa67107983e4865e35ebf402b0d2ceebe29adc2bd0798b9d9c47aa3b98b55511770cd9c57a66b7a6fb49b440d5	common_voice_da_27754019.mp3	fire	0	2	thirties	female		da	Benchmark
b768b87daed4d46a15b05f037c9a4f8e71021daa67107983e4865e35ebf402b0d2ceebe29adc2bd0798b9d9c47aa3b98b55511770cd9c57a66b7a6fb49b440d5	common_voice_da_27754058.mp3	Han havde bestået sit svendestykke, var en køn, men spinkel karl	0	2	thirties	female		da	
b768b87daed4d46a15b05f037c9a4f8e71021daa67107983e4865e35ebf402b0d2ceebe29adc2bd0798b9d9c47aa3b98b55511770cd9c57a66b7a6fb49b440d5	common_voice_da_27754059.mp3	"""Deres Navn, min Herre, sagde Dirigenten."""	1	2	thirties	female		da	
68ba03668d752bacc8206a9ee71fcca3f74ef3aa24edd627059ff3c3b02702184aa8a23180775f5589ed106fc3ad4bed46a40bb03a3f1e5f687801c4ff640891	common_voice_da_27769143.mp3	de talte med hviskestemme og p-lyd på fornemt kinesisk.	1	2	thirties	male		da	
68ba03668d752bacc8206a9ee71fcca3f74ef3aa24edd627059ff3c3b02702184aa8a23180775f5589ed106fc3ad4bed46a40bb03a3f1e5f687801c4ff640891	common_voice_da_27770856.mp3	Hun har hverken andefar eller hønsemor, intet afkom	0	2	thirties	male		da	
68ba03668d752bacc8206a9ee71fcca3f74ef3aa24edd627059ff3c3b02702184aa8a23180775f5589ed106fc3ad4bed46a40bb03a3f1e5f687801c4ff640891	common_voice_da_27774676.mp3	Ikke for at brokke os. Men for at løse dem.	0	2	thirties	male		da	
68ba03668d752bacc8206a9ee71fcca3f74ef3aa24edd627059ff3c3b02702184aa8a23180775f5589ed106fc3ad4bed46a40bb03a3f1e5f687801c4ff640891	common_voice_da_27774685.mp3	Da der igen gik nogen forbi til kirke, glemte lille Claus det.	0	2	thirties	male		da	
bfe557762fd24fe653e9bf9c1f09ca755e1aae0cc337bc233cc4f731f0bbacee5ad2e095585ab86989b7a982a8b45a294e4a1162f70001f81a9954224a85e849	common_voice_da_27786134.mp3	ni	0	2				da	Benchmark
1ed0cbec55233d73c21328c1ef319e24fce4d92659b4911c716a31336b41a2fb3ecd1d64c4b11a22abf24a927c1fbf764833e43720a4eb801695dea8684b91e5	common_voice_da_27859006.mp3	Der er ingen, som rigtigt ved af det!	0	2	twenties	male		da	
1ed0cbec55233d73c21328c1ef319e24fce4d92659b4911c716a31336b41a2fb3ecd1d64c4b11a22abf24a927c1fbf764833e43720a4eb801695dea8684b91e5	common_voice_da_27859025.mp3	Hvad man kan hitte på	0	2	twenties	male		da	
d6a4c06793dd96ba9312b7ff14e0b8dbbb8359ff491084dcfcb8e8cf698a6c4baaae06590455af9d09c43b9c49123a9da11d621fe2606630a18ce4424dcc9a65	common_voice_da_27940846.mp3	tree	0	2	thirties	male		da	Benchmark
d6a4c06793dd96ba9312b7ff14e0b8dbbb8359ff491084dcfcb8e8cf698a6c4baaae06590455af9d09c43b9c49123a9da11d621fe2606630a18ce4424dcc9a65	common_voice_da_27941000.mp3	Ålen har hudsygdom, karpen skal have kopper, og alle har vi indvoldsorme	1	2	thirties	male		da	
d6a4c06793dd96ba9312b7ff14e0b8dbbb8359ff491084dcfcb8e8cf698a6c4baaae06590455af9d09c43b9c49123a9da11d621fe2606630a18ce4424dcc9a65	common_voice_da_27941053.mp3	Rød og opdunstet så han ud	0	2	thirties	male		da	
d6a4c06793dd96ba9312b7ff14e0b8dbbb8359ff491084dcfcb8e8cf698a6c4baaae06590455af9d09c43b9c49123a9da11d621fe2606630a18ce4424dcc9a65	common_voice_da_27941067.mp3	Den lå ganske stille, men, tænkte de, det kunne være lumskhed	1	2	thirties	male		da	
d6a4c06793dd96ba9312b7ff14e0b8dbbb8359ff491084dcfcb8e8cf698a6c4baaae06590455af9d09c43b9c49123a9da11d621fe2606630a18ce4424dcc9a65	common_voice_da_27941083.mp3	skreg han og fór ned for at få et styrtebad.	1	2	thirties	male		da	
d6a4c06793dd96ba9312b7ff14e0b8dbbb8359ff491084dcfcb8e8cf698a6c4baaae06590455af9d09c43b9c49123a9da11d621fe2606630a18ce4424dcc9a65	common_voice_da_27941089.mp3	Stormen har fældet træerne, og fuglene har søgt til skoven	0	2	thirties	male		da	
36f7c37367ee147e67fba7a85aa31afedcf6f3ddcb09ef98faad5a9f071d7033d35c7ad2e1660f408cc0424dfca2f7e1c75ae3572340882d03d6251b06e480dd	common_voice_da_27948729.mp3	ja	0	2				da	Benchmark
68ba03668d752bacc8206a9ee71fcca3f74ef3aa24edd627059ff3c3b02702184aa8a23180775f5589ed106fc3ad4bed46a40bb03a3f1e5f687801c4ff640891	common_voice_da_27963452.mp3	Og jeg er moderen for dem	0	2	thirties	male		da	
ebe91e78620ac3cfe67b519a235b6bb561580b80338100c5605b06460daa8c7d084d9c8003230eb3f66d2ca6a029532908387a96122d1c32526fb00736e50b3e	common_voice_da_28048846.mp3	Dette svar var justitsråden nok, titlen svarede her til dragten.	0	2				da	
aca0bdcf684b98ad2c10f99a1eb37d2704da5b88e9c84077d1d11256dfa4b24808f6b1e69d6ac065c4ff7cb8bc824052efa4d338d528f3a2ca81d2a57b330c6c	common_voice_da_28254222.mp3	Du skal ikke være så bedrøvet Johannes!	0	2	thirties	male		da	
aca0bdcf684b98ad2c10f99a1eb37d2704da5b88e9c84077d1d11256dfa4b24808f6b1e69d6ac065c4ff7cb8bc824052efa4d338d528f3a2ca81d2a57b330c6c	common_voice_da_28254274.mp3	Vil du svare eller vil du knækkes	0	2	thirties	male		da	
68ba03668d752bacc8206a9ee71fcca3f74ef3aa24edd627059ff3c3b02702184aa8a23180775f5589ed106fc3ad4bed46a40bb03a3f1e5f687801c4ff640891	common_voice_da_28271557.mp3	Transistoren er grundbyggestenen for computeren	1	2	thirties	male		da	
ed29f793ce4dcee31ff4efdded9289ef2eda72a0a4ed3c30a3473513db5ecc6860cd66c1dfabb4ce2332e0fb3e9724da261fc0df5f023bfbfdb0acf79215558d	common_voice_da_28308783.mp3	Ved du måske noget og hun bøjede sig lige ned til pinseliljen	0	2	twenties	male		da	
1903a5733ff464f1b02fd8dab069be6f592bda8220b30c50589f3c101e6c766fddf108365482e7d399752a6a6dc0a922a421623887607560cbe0c71c13366be7	common_voice_da_28368106.mp3	tree	0	2				da	Benchmark
1903a5733ff464f1b02fd8dab069be6f592bda8220b30c50589f3c101e6c766fddf108365482e7d399752a6a6dc0a922a421623887607560cbe0c71c13366be7	common_voice_da_28368953.mp3	Bilen eller motorcyklen samt radioanlægget stilles til rådighed af kommunen	1	2	fourties	male		da	
1903a5733ff464f1b02fd8dab069be6f592bda8220b30c50589f3c101e6c766fddf108365482e7d399752a6a6dc0a922a421623887607560cbe0c71c13366be7	common_voice_da_28368997.mp3	Oh hvor det vil blive en glæde!	1	2	fourties	male		da	
1903a5733ff464f1b02fd8dab069be6f592bda8220b30c50589f3c101e6c766fddf108365482e7d399752a6a6dc0a922a421623887607560cbe0c71c13366be7	common_voice_da_28369031.mp3	Hun tog over at se på gård og jorder, på kvæg og indbo	0	2	fourties	male		da	
1903a5733ff464f1b02fd8dab069be6f592bda8220b30c50589f3c101e6c766fddf108365482e7d399752a6a6dc0a922a421623887607560cbe0c71c13366be7	common_voice_da_28369065.mp3	Styrelsen for Patientsikkerhed orienterer desuden offentligheden, når særlige sundhedsmæssige forhold gør det nødvendigt	1	2	fourties	male		da	
1903a5733ff464f1b02fd8dab069be6f592bda8220b30c50589f3c101e6c766fddf108365482e7d399752a6a6dc0a922a421623887607560cbe0c71c13366be7	common_voice_da_28369472.mp3	udbrød han, det er dog det lykkeligste i verden!	1	2	fourties	male		da	
1903a5733ff464f1b02fd8dab069be6f592bda8220b30c50589f3c101e6c766fddf108365482e7d399752a6a6dc0a922a421623887607560cbe0c71c13366be7	common_voice_da_28369886.mp3	Men jeg tror også, at mange er enige med mig.	0	2	fourties	male		da	
1903a5733ff464f1b02fd8dab069be6f592bda8220b30c50589f3c101e6c766fddf108365482e7d399752a6a6dc0a922a421623887607560cbe0c71c13366be7	common_voice_da_28369929.mp3	Men når skete det - jo	0	2	fourties	male		da	
1903a5733ff464f1b02fd8dab069be6f592bda8220b30c50589f3c101e6c766fddf108365482e7d399752a6a6dc0a922a421623887607560cbe0c71c13366be7	common_voice_da_28370003.mp3	Han lod den godt tørre i vinden.	0	2	fourties	male		da	
1903a5733ff464f1b02fd8dab069be6f592bda8220b30c50589f3c101e6c766fddf108365482e7d399752a6a6dc0a922a421623887607560cbe0c71c13366be7	common_voice_da_28370132.mp3	Nej, hvor det var mørkt derinde!	1	2	fourties	male		da	
1903a5733ff464f1b02fd8dab069be6f592bda8220b30c50589f3c101e6c766fddf108365482e7d399752a6a6dc0a922a421623887607560cbe0c71c13366be7	common_voice_da_28370133.mp3	"var man i ""gammel tid,"" blev hun vist brændt."	0	2	fourties	male		da	
1903a5733ff464f1b02fd8dab069be6f592bda8220b30c50589f3c101e6c766fddf108365482e7d399752a6a6dc0a922a421623887607560cbe0c71c13366be7	common_voice_da_28370300.mp3	I de tilfælde, hvor patienten er under værgemål, kan samtykke gives af værgen	0	2				da	
1903a5733ff464f1b02fd8dab069be6f592bda8220b30c50589f3c101e6c766fddf108365482e7d399752a6a6dc0a922a421623887607560cbe0c71c13366be7	common_voice_da_28370535.mp3	de ene gjorde plads for den anden, men skillingen hjemmefra blev altid tilbage.	0	2				da	
1903a5733ff464f1b02fd8dab069be6f592bda8220b30c50589f3c101e6c766fddf108365482e7d399752a6a6dc0a922a421623887607560cbe0c71c13366be7	common_voice_da_28370582.mp3	det kan måske fornøje Poppedreng!	0	2				da	
1903a5733ff464f1b02fd8dab069be6f592bda8220b30c50589f3c101e6c766fddf108365482e7d399752a6a6dc0a922a421623887607560cbe0c71c13366be7	common_voice_da_28381003.mp3	Skal udlevering finde sted, er sundhedspersonen forpligtet til at sørge herfor	1	2				da	
1903a5733ff464f1b02fd8dab069be6f592bda8220b30c50589f3c101e6c766fddf108365482e7d399752a6a6dc0a922a421623887607560cbe0c71c13366be7	common_voice_da_28381050.mp3	den ene hvæssede sværdet, Sliberen kaldes han.	0	2				da	
1903a5733ff464f1b02fd8dab069be6f592bda8220b30c50589f3c101e6c766fddf108365482e7d399752a6a6dc0a922a421623887607560cbe0c71c13366be7	common_voice_da_28381114.mp3	Det skyldes indsættelse af nyere og støjsvage tog.	0	2				da	
1903a5733ff464f1b02fd8dab069be6f592bda8220b30c50589f3c101e6c766fddf108365482e7d399752a6a6dc0a922a421623887607560cbe0c71c13366be7	common_voice_da_28381119.mp3	"""For denne ene gang din lyst jeg stiller,"""	1	2				da	
1903a5733ff464f1b02fd8dab069be6f592bda8220b30c50589f3c101e6c766fddf108365482e7d399752a6a6dc0a922a421623887607560cbe0c71c13366be7	common_voice_da_28381139.mp3	Men den døde kone sagde da ikke et ord!	0	2				da	
1903a5733ff464f1b02fd8dab069be6f592bda8220b30c50589f3c101e6c766fddf108365482e7d399752a6a6dc0a922a421623887607560cbe0c71c13366be7	common_voice_da_28381515.mp3	Nej, hvor dog græsset er blødt!	1	2				da	
1903a5733ff464f1b02fd8dab069be6f592bda8220b30c50589f3c101e6c766fddf108365482e7d399752a6a6dc0a922a421623887607560cbe0c71c13366be7	common_voice_da_28381552.mp3	Og en dag som i dag med god blæst dækker vindmøller hele vores elforbrug.	0	2				da	
ed29f793ce4dcee31ff4efdded9289ef2eda72a0a4ed3c30a3473513db5ecc6860cd66c1dfabb4ce2332e0fb3e9724da261fc0df5f023bfbfdb0acf79215558d	common_voice_da_28440425.mp3	Dette emne har været genstand for lange og ophedede diskussioner.	0	2	twenties	male		da	
baf08233da5a0d0d8ecf2cb012cd6657716eca4201a1425500970db7a2a62e71388a32f7b5dfab169e9c77cde571e4e6d74b91316691d2554ded5979032d0844	common_voice_da_28492106.mp3	Jeg tænker navnlig på de mindste og nyeste medlemsstater.	0	2	twenties	male		da	
d6a4c06793dd96ba9312b7ff14e0b8dbbb8359ff491084dcfcb8e8cf698a6c4baaae06590455af9d09c43b9c49123a9da11d621fe2606630a18ce4424dcc9a65	common_voice_da_28492959.mp3	Vi må naturligvis lære heraf, men vi bør ikke lade os kyse.	0	2	thirties	male		da	
d6a4c06793dd96ba9312b7ff14e0b8dbbb8359ff491084dcfcb8e8cf698a6c4baaae06590455af9d09c43b9c49123a9da11d621fe2606630a18ce4424dcc9a65	common_voice_da_28492961.mp3	Vi skal have gode uddannelser og bevidstgørelse for at fjerne vold og stereotyper.	0	2	thirties	male		da	
d6a4c06793dd96ba9312b7ff14e0b8dbbb8359ff491084dcfcb8e8cf698a6c4baaae06590455af9d09c43b9c49123a9da11d621fe2606630a18ce4424dcc9a65	common_voice_da_28492983.mp3	Dette forhold påpeges til dels i beslutningsforslaget, men jeg finder, det bør understreges.	1	2	thirties	male		da	
d6a4c06793dd96ba9312b7ff14e0b8dbbb8359ff491084dcfcb8e8cf698a6c4baaae06590455af9d09c43b9c49123a9da11d621fe2606630a18ce4424dcc9a65	common_voice_da_28492985.mp3	Denne ordveksling må høre op.	1	2	thirties	male		da	
d6a4c06793dd96ba9312b7ff14e0b8dbbb8359ff491084dcfcb8e8cf698a6c4baaae06590455af9d09c43b9c49123a9da11d621fe2606630a18ce4424dcc9a65	common_voice_da_28492988.mp3	Jeg var ikke klar over, at han havde så ærefuld en fortid.	0	2	thirties	male		da	
d6a4c06793dd96ba9312b7ff14e0b8dbbb8359ff491084dcfcb8e8cf698a6c4baaae06590455af9d09c43b9c49123a9da11d621fe2606630a18ce4424dcc9a65	common_voice_da_28492989.mp3	Kun da vil vi være agtværdige partnere.	1	2	thirties	male		da	
d6a4c06793dd96ba9312b7ff14e0b8dbbb8359ff491084dcfcb8e8cf698a6c4baaae06590455af9d09c43b9c49123a9da11d621fe2606630a18ce4424dcc9a65	common_voice_da_28493000.mp3	Der pågår desuden overvejelser om en eventuel ny koordinators mandat og opgaver.	1	2	thirties	male		da	
d6a4c06793dd96ba9312b7ff14e0b8dbbb8359ff491084dcfcb8e8cf698a6c4baaae06590455af9d09c43b9c49123a9da11d621fe2606630a18ce4424dcc9a65	common_voice_da_28493007.mp3	Spørgsmålet om ramperne er særdeles væsentligt.	0	2	thirties	male		da	
d6a4c06793dd96ba9312b7ff14e0b8dbbb8359ff491084dcfcb8e8cf698a6c4baaae06590455af9d09c43b9c49123a9da11d621fe2606630a18ce4424dcc9a65	common_voice_da_28493018.mp3	De to forordninger er trådt i kraft, og vi anvender allerede den nye pagt.	0	2	thirties	male		da	
004c3ce656156bf79f7acc8290eb8a5919f7a9732beccfd845d097446ef50b32d98a19790d7296192ef2c9e08ad9c712648e5b4acdb9c9b1eb6a82f15e66dbf9	common_voice_da_28493118.mp3	Vi vil altid stå på demokratiets side, ikke på tyranniets.	1	2	thirties	male		da	
004c3ce656156bf79f7acc8290eb8a5919f7a9732beccfd845d097446ef50b32d98a19790d7296192ef2c9e08ad9c712648e5b4acdb9c9b1eb6a82f15e66dbf9	common_voice_da_28493260.mp3	Derefter var målsætningen socialisme og blonde kammerater.	1	2	thirties	male		da	
004c3ce656156bf79f7acc8290eb8a5919f7a9732beccfd845d097446ef50b32d98a19790d7296192ef2c9e08ad9c712648e5b4acdb9c9b1eb6a82f15e66dbf9	common_voice_da_28493356.mp3	Forsimplet oppiskning af stemningen, ja tak.	1	2	thirties	male		da	
004c3ce656156bf79f7acc8290eb8a5919f7a9732beccfd845d097446ef50b32d98a19790d7296192ef2c9e08ad9c712648e5b4acdb9c9b1eb6a82f15e66dbf9	common_voice_da_28493380.mp3	Så vil vi højst sandsynligt være nødt til at gå i forhandling.	0	2	thirties	male		da	
004c3ce656156bf79f7acc8290eb8a5919f7a9732beccfd845d097446ef50b32d98a19790d7296192ef2c9e08ad9c712648e5b4acdb9c9b1eb6a82f15e66dbf9	common_voice_da_28493438.mp3	Derfor er vores vurdering kritisk, og derfor mener vi, at resultaterne har være magre.	1	2	thirties	male		da	
004c3ce656156bf79f7acc8290eb8a5919f7a9732beccfd845d097446ef50b32d98a19790d7296192ef2c9e08ad9c712648e5b4acdb9c9b1eb6a82f15e66dbf9	common_voice_da_28493446.mp3	Vi ønsker at fortsætte med samme omhu for vores forhandlingsdokumenter.	0	2	thirties	male		da	
004c3ce656156bf79f7acc8290eb8a5919f7a9732beccfd845d097446ef50b32d98a19790d7296192ef2c9e08ad9c712648e5b4acdb9c9b1eb6a82f15e66dbf9	common_voice_da_28493447.mp3	Viola for de betænkninger, de har udarbejdet.	0	2	thirties	male		da	
004c3ce656156bf79f7acc8290eb8a5919f7a9732beccfd845d097446ef50b32d98a19790d7296192ef2c9e08ad9c712648e5b4acdb9c9b1eb6a82f15e66dbf9	common_voice_da_28493559.mp3	Der kan ske meget på otte år.	0	2	thirties	male		da	
54a7b030b5b4bd0f5395f355b85a5d5fc124249d94f0afa31d749c4bb417ab2da738867184ce509d5d75d857a876315d31274eaae6345af1cc416dfb246b99ac	common_voice_da_28495541.mp3	Det havde jo været med, havde gjort hvad det skulle gøre	0	2	fourties	female		da	
54a7b030b5b4bd0f5395f355b85a5d5fc124249d94f0afa31d749c4bb417ab2da738867184ce509d5d75d857a876315d31274eaae6345af1cc416dfb246b99ac	common_voice_da_28524248.mp3	Vi har stærkt indtryk af, at der endnu ikke er truffet ordentlige bestemmelser derom.	0	2	fourties	female		da	
54a7b030b5b4bd0f5395f355b85a5d5fc124249d94f0afa31d749c4bb417ab2da738867184ce509d5d75d857a876315d31274eaae6345af1cc416dfb246b99ac	common_voice_da_28524251.mp3	Åbn alle møder for offentligheden, medmindre et flertal af landede aktivt siger fra.	1	2	fourties	female		da	
4432caa82e4b30878ff050e7d1384df12e8be8efa1f014c93d7aa1fed51c403c6c7c983fba5593fffe40cc276b9b957da87a57cff289e2fb2561b1df6447c9cb	common_voice_da_28533749.mp3	Det er for en stor del kopilovgivning og imitationslovgivning.	1	2	thirties	male		da	
8ffda309f725cefcc6f0c4ce43532d958e4fc5dc3544d8967e7d8d15a2e63af297ab949d22239a03e9efb4b0cd2703169ee207b4ca159c8d5af09b5ebab24e59	common_voice_da_28536065.mp3	De skrev aldrig hjem om, at den rhodesiske befolkning måtte sulte.	0	2				da	
b056b2d61dbeaee5968a93f6c12adcdd0a898268ae4da08872c37106f70eb7f9b9799643cb5e056e61c0975ff7e86850874f419070fd6f5125befe298e34f89c	common_voice_da_28536145.mp3	Og fy, hvor den ene ælling ser ud	0	2				da	
0e0d80579ba8c48a2a2268bf4404695f019eb703e86757eccb43182e5033c480333dd8c40e11c4debf040581c689d5e3adcd7100b344a618ce093fd874d1ff94	common_voice_da_28540339.mp3	otte	0	2				da	Benchmark
0e0d80579ba8c48a2a2268bf4404695f019eb703e86757eccb43182e5033c480333dd8c40e11c4debf040581c689d5e3adcd7100b344a618ce093fd874d1ff94	common_voice_da_28540341.mp3	ja	0	2				da	Benchmark
548d1f4909f7ff4778b12f0561140df7c13b348b0accdd0fbe597fc8b806cf86a79c8f008dbd3bafa45a4a27ceb46656f75582d399eeaa186a81202641fa792f	common_voice_da_28544819.mp3	tree	1	2				da	Benchmark
be91e9b388f460180a17ec96bf4f534a61ca81d8a7287f2bdadf98408edbe5336ef3cc0ca3c5d1b0b9a7d4f581b508cddc5fb9cb02857f91a289fd83d5396f23	common_voice_da_28554352.mp3	tree	0	2	thirties	male		da	Benchmark
6fd8581bdf79f54d2f7c112a9be071eae9f33d6552a8ef86f73e3addf83003853c407a6bea1e9c82c71c8f91dc3b69f76505b05de0a5dfbdb7dfa8f005f27ec1	common_voice_da_28556901.mp3	tree	1	2				da	Benchmark
6fd8581bdf79f54d2f7c112a9be071eae9f33d6552a8ef86f73e3addf83003853c407a6bea1e9c82c71c8f91dc3b69f76505b05de0a5dfbdb7dfa8f005f27ec1	common_voice_da_28556902.mp3	en	0	2				da	Benchmark
6fd8581bdf79f54d2f7c112a9be071eae9f33d6552a8ef86f73e3addf83003853c407a6bea1e9c82c71c8f91dc3b69f76505b05de0a5dfbdb7dfa8f005f27ec1	common_voice_da_28556903.mp3	ni	0	2				da	Benchmark
6fd8581bdf79f54d2f7c112a9be071eae9f33d6552a8ef86f73e3addf83003853c407a6bea1e9c82c71c8f91dc3b69f76505b05de0a5dfbdb7dfa8f005f27ec1	common_voice_da_28556904.mp3	seks	0	2				da	Benchmark
6fd8581bdf79f54d2f7c112a9be071eae9f33d6552a8ef86f73e3addf83003853c407a6bea1e9c82c71c8f91dc3b69f76505b05de0a5dfbdb7dfa8f005f27ec1	common_voice_da_28556905.mp3	to	0	2				da	Benchmark
868cf457b6948d799899d7be09a68109df0b633b30ad8ea98bd7bf0fdb84bb2bab05a1f0d65b44c8fc6fddd79d3636a014e127cca8cc62797bd8225687a0917d	common_voice_da_28558331.mp3	tree	0	2				da	Benchmark
68ba03668d752bacc8206a9ee71fcca3f74ef3aa24edd627059ff3c3b02702184aa8a23180775f5589ed106fc3ad4bed46a40bb03a3f1e5f687801c4ff640891	common_voice_da_28587576.mp3	Makedoniens stabilitet hænger stærkt sammen med udviklingerne i nabolandene.	0	2	thirties	male		da	
34820b8cae0ddb0d6f5cb0cee7a8893485fa6a16caadd0c127d2339b8863f67ffafd8a8f4a957f6c95f23d256dc3c2771931a5cdb8853afcfad34a8a4cbd6027	common_voice_da_28593277.mp3	Ud fra det lækkede dokument vil jeg gerne stille ham tre spørgsmål.	0	2	thirties	male		da	
68ba03668d752bacc8206a9ee71fcca3f74ef3aa24edd627059ff3c3b02702184aa8a23180775f5589ed106fc3ad4bed46a40bb03a3f1e5f687801c4ff640891	common_voice_da_28662028.mp3	Moster følte sig i angsten så ung og let	0	2	thirties	male		da	
1158e9026809d87a07c672ce0ad3e1faa60df786f86ea5216bad38fa390a70c00f77c9323c90d132129910b1eaa6e6084733beb44625aa4464901f64177536ff	common_voice_da_28682314.mp3	nul	0	2				da	Benchmark
1158e9026809d87a07c672ce0ad3e1faa60df786f86ea5216bad38fa390a70c00f77c9323c90d132129910b1eaa6e6084733beb44625aa4464901f64177536ff	common_voice_da_28682316.mp3	en	0	2				da	Benchmark
1158e9026809d87a07c672ce0ad3e1faa60df786f86ea5216bad38fa390a70c00f77c9323c90d132129910b1eaa6e6084733beb44625aa4464901f64177536ff	common_voice_da_28682317.mp3	otte	0	2				da	Benchmark
1158e9026809d87a07c672ce0ad3e1faa60df786f86ea5216bad38fa390a70c00f77c9323c90d132129910b1eaa6e6084733beb44625aa4464901f64177536ff	common_voice_da_28682318.mp3	fire	0	2				da	Benchmark
1158e9026809d87a07c672ce0ad3e1faa60df786f86ea5216bad38fa390a70c00f77c9323c90d132129910b1eaa6e6084733beb44625aa4464901f64177536ff	common_voice_da_28682329.mp3	to	0	2				da	Benchmark
1158e9026809d87a07c672ce0ad3e1faa60df786f86ea5216bad38fa390a70c00f77c9323c90d132129910b1eaa6e6084733beb44625aa4464901f64177536ff	common_voice_da_28682330.mp3	ni	0	2				da	Benchmark
1158e9026809d87a07c672ce0ad3e1faa60df786f86ea5216bad38fa390a70c00f77c9323c90d132129910b1eaa6e6084733beb44625aa4464901f64177536ff	common_voice_da_28682331.mp3	nej	0	2				da	Benchmark
1158e9026809d87a07c672ce0ad3e1faa60df786f86ea5216bad38fa390a70c00f77c9323c90d132129910b1eaa6e6084733beb44625aa4464901f64177536ff	common_voice_da_28682332.mp3	fem	0	2				da	Benchmark
54a7b030b5b4bd0f5395f355b85a5d5fc124249d94f0afa31d749c4bb417ab2da738867184ce509d5d75d857a876315d31274eaae6345af1cc416dfb246b99ac	common_voice_da_28735231.mp3	Landbrugerne, som i forvejen er ved at bukke under for det aktuelle bureaukrati.	1	2	fourties	female		da	
54a7b030b5b4bd0f5395f355b85a5d5fc124249d94f0afa31d749c4bb417ab2da738867184ce509d5d75d857a876315d31274eaae6345af1cc416dfb246b99ac	common_voice_da_28735250.mp3	Der er for det første de lavfrekvente stråler fra højspændingsledninger og heraf afledte frekvenser.	1	2	fourties	female		da	
54a7b030b5b4bd0f5395f355b85a5d5fc124249d94f0afa31d749c4bb417ab2da738867184ce509d5d75d857a876315d31274eaae6345af1cc416dfb246b99ac	common_voice_da_28735258.mp3	Ja muligvis vil det bedrøve flere!	1	2	fourties	female		da	
54a7b030b5b4bd0f5395f355b85a5d5fc124249d94f0afa31d749c4bb417ab2da738867184ce509d5d75d857a876315d31274eaae6345af1cc416dfb246b99ac	common_voice_da_28735273.mp3	Vi var særdeles bekymrede for, at japanerne og amerikanerne ville tage føringen uden os.	1	2	fourties	female		da	
d924d99d44b8e27c3b0f7ad7c43a882bc333588bcf077f4de9e7680b4bd681674756015432d7c93b61a9444b47da0b1860ba60dd137359a197da9846f429c680	common_voice_da_28746072.mp3	ja	0	2				da	Benchmark
54a7b030b5b4bd0f5395f355b85a5d5fc124249d94f0afa31d749c4bb417ab2da738867184ce509d5d75d857a876315d31274eaae6345af1cc416dfb246b99ac	common_voice_da_28760085.mp3	Derfor nærmede det sig til det, og lyse formodninger vaktes hos lyset	0	2	fourties	female		da	
1f6952fc81437455bb5d215ec301f07a7ccf65a82dba6e7db38eaef476bca4463653375747777ad4aa1f32b4d11031f3eaf57a13fbfcbbb641f62c44e0ff3fd8	common_voice_da_28792123.mp3	seks	0	2				da	Benchmark
399563fea136055b59fe00da78f73a9116e4a0b0410fb19a457343bec13c251b2bee8b905dc86c48847140484eab05d1a9be30c4ec8b8cf69abe90f0133a703e	common_voice_da_28797284.mp3	nul	1	2				da	Benchmark
1baee38bc23d250f3e1a8eebfbe112290180b00db20f2614549872ba16feb2ce9f55791a014d6a2c98d8c4aae214cd710710a5dffc0907c6d44e33647e7ffb9d	common_voice_da_28797411.mp3	tree	1	2	twenties	male		da	Benchmark
6a72966cfb34e75906227f09f44f9e2a8030453325c1bf42be9f7e07ebca372b5f6809a120c399fdb42b02020ca1c8b4a6119f8904a345b6615142093bc2e4ea	common_voice_da_28800048.mp3	tree	1	2				da	Benchmark
6a72966cfb34e75906227f09f44f9e2a8030453325c1bf42be9f7e07ebca372b5f6809a120c399fdb42b02020ca1c8b4a6119f8904a345b6615142093bc2e4ea	common_voice_da_28800119.mp3	Derved bliver udviklingen af nye former for uægte selvstændighed sandsynligvis fremmet.	0	2				da	
6a72966cfb34e75906227f09f44f9e2a8030453325c1bf42be9f7e07ebca372b5f6809a120c399fdb42b02020ca1c8b4a6119f8904a345b6615142093bc2e4ea	common_voice_da_28800120.mp3	Men langt bort skulle det være!	1	2				da	
7acf0fe37850a3d5747971fc8f8cfd2d7605a7f8337fd90f2a9ce2a8285ac2e87f63dab2052b36a964b9b816463e2ec30390b425a3aa70efe7b4de4c36d1dd26	common_voice_da_28803324.mp3	tree	0	2				da	Benchmark
935b7d5420cfe03cd8b988b11e0c9fff9654cf4d615da45f5ce0d35d0a785ec95242f0c30963199816a915fb951b53ecd03122fdd00010e64de145e05c2bcccc	common_voice_da_28803374.mp3	Monnet lagde fundamentet til dette foretagende.	0	2	twenties	female		da	
935b7d5420cfe03cd8b988b11e0c9fff9654cf4d615da45f5ce0d35d0a785ec95242f0c30963199816a915fb951b53ecd03122fdd00010e64de145e05c2bcccc	common_voice_da_28803381.mp3	Denne ensidige løsrivelse skaber en utilladelig præcedens i internationale relationer.	0	2	twenties	female		da	
0b74c52f32882e5acd3d7e3c3e305b164c87435b61fc283da79f55f625ee59f2cc28e8fd92b39f26f31014bd02144d69437d44c37ef0600d2f31ad1fe80b2461	common_voice_da_28805847.mp3	to	1	2				da	Benchmark
0b74c52f32882e5acd3d7e3c3e305b164c87435b61fc283da79f55f625ee59f2cc28e8fd92b39f26f31014bd02144d69437d44c37ef0600d2f31ad1fe80b2461	common_voice_da_28805887.mp3	tree	1	2				da	Benchmark
0b74c52f32882e5acd3d7e3c3e305b164c87435b61fc283da79f55f625ee59f2cc28e8fd92b39f26f31014bd02144d69437d44c37ef0600d2f31ad1fe80b2461	common_voice_da_28805976.mp3	Derfor er nytten af en hundrede og syttende hensigtserklæring ret begrænset.	0	2	twenties	male		da	
0e9fe9d11735d362a111283dd9a54535903a4fafffe698f4f75d3f29acc4c1b70b705342e5110a42f33bfa730fa718ae83d1ac7e5d02fd49254108cf45c9a786	common_voice_da_28809123.mp3	syv	0	2				da	Benchmark
baf08233da5a0d0d8ecf2cb012cd6657716eca4201a1425500970db7a2a62e71388a32f7b5dfab169e9c77cde571e4e6d74b91316691d2554ded5979032d0844	common_voice_da_28825612.mp3	Vi vil alle opleve vores nemesis, når tiden er inde dertil.	1	2	twenties	male		da	
5922050ae4b7b992c52455b4946f63b716ef522a48717b8c33137c3e950bab1cd8991fb342db220ea6ac70018f771b674e1de467c31446855767a23b48d0bf51	common_voice_da_28841083.mp3	fem	0	2				da	Benchmark
5922050ae4b7b992c52455b4946f63b716ef522a48717b8c33137c3e950bab1cd8991fb342db220ea6ac70018f771b674e1de467c31446855767a23b48d0bf51	common_voice_da_28841084.mp3	fire	0	2				da	Benchmark
5922050ae4b7b992c52455b4946f63b716ef522a48717b8c33137c3e950bab1cd8991fb342db220ea6ac70018f771b674e1de467c31446855767a23b48d0bf51	common_voice_da_28841085.mp3	en	0	2				da	Benchmark
5922050ae4b7b992c52455b4946f63b716ef522a48717b8c33137c3e950bab1cd8991fb342db220ea6ac70018f771b674e1de467c31446855767a23b48d0bf51	common_voice_da_28841086.mp3	nej	0	2				da	Benchmark
5922050ae4b7b992c52455b4946f63b716ef522a48717b8c33137c3e950bab1cd8991fb342db220ea6ac70018f771b674e1de467c31446855767a23b48d0bf51	common_voice_da_28841087.mp3	otte	0	2				da	Benchmark
5c85821a95f60600403b20a1bd22c8ea52792818b59c33c6fa0cadb41b2dcb9a565a144f0c6a0885bd02a2f9724eddca1d35b802f27bbec042c2207190b2cfad	common_voice_da_28841096.mp3	syv	0	2				da	Benchmark
9b5b4e5828acf4b0e7bb83691dc0acf53c7dc4a977ba2184804e18a5d137bd978ac1a74f98fcda4071604978b79ff329cb053e46dee81b42017a5cbde742e244	common_voice_da_28844222.mp3	London er verdens ledende finanscenter, og engelsk er det fælles forretningssprog i verden.	0	2	twenties	male		da	
9b5b4e5828acf4b0e7bb83691dc0acf53c7dc4a977ba2184804e18a5d137bd978ac1a74f98fcda4071604978b79ff329cb053e46dee81b42017a5cbde742e244	common_voice_da_28844292.mp3	I mit eget land er situationen for asylansøgere for nærværende fuldstændig utålelig.	1	2				da	
9b5b4e5828acf4b0e7bb83691dc0acf53c7dc4a977ba2184804e18a5d137bd978ac1a74f98fcda4071604978b79ff329cb053e46dee81b42017a5cbde742e244	common_voice_da_28844307.mp3	Jeg synes, at vi har valgt den forkerte vej.	1	2				da	
9b5b4e5828acf4b0e7bb83691dc0acf53c7dc4a977ba2184804e18a5d137bd978ac1a74f98fcda4071604978b79ff329cb053e46dee81b42017a5cbde742e244	common_voice_da_28844316.mp3	Jeg troede, at dette ville koste nogle få tusinde pund.	1	2				da	
9b5b4e5828acf4b0e7bb83691dc0acf53c7dc4a977ba2184804e18a5d137bd978ac1a74f98fcda4071604978b79ff329cb053e46dee81b42017a5cbde742e244	common_voice_da_28844362.mp3	Vi har flere fattige husstande end vi nogensinde før har haft.	0	2				da	
9b5b4e5828acf4b0e7bb83691dc0acf53c7dc4a977ba2184804e18a5d137bd978ac1a74f98fcda4071604978b79ff329cb053e46dee81b42017a5cbde742e244	common_voice_da_28844381.mp3	Og seminaristen læste og madammen hørte og den lille nisse hørte	1	2				da	
9b5b4e5828acf4b0e7bb83691dc0acf53c7dc4a977ba2184804e18a5d137bd978ac1a74f98fcda4071604978b79ff329cb053e46dee81b42017a5cbde742e244	common_voice_da_28844766.mp3	Rådet er døvt over for befolkningernes forventninger.	1	2				da	
9b5b4e5828acf4b0e7bb83691dc0acf53c7dc4a977ba2184804e18a5d137bd978ac1a74f98fcda4071604978b79ff329cb053e46dee81b42017a5cbde742e244	common_voice_da_28844768.mp3	Blanke eller udgyldige stemmer tages ikke i betragtning ved stemmeoptællingen.	1	2				da	
9b5b4e5828acf4b0e7bb83691dc0acf53c7dc4a977ba2184804e18a5d137bd978ac1a74f98fcda4071604978b79ff329cb053e46dee81b42017a5cbde742e244	common_voice_da_28844795.mp3	Den srilankanske hærs angreb på civilbefolkningen kan endog betegnes som en massakre.	1	2				da	
9b5b4e5828acf4b0e7bb83691dc0acf53c7dc4a977ba2184804e18a5d137bd978ac1a74f98fcda4071604978b79ff329cb053e46dee81b42017a5cbde742e244	common_voice_da_28844796.mp3	Tænk, hvis hans koncept virkede lige så godt på casinoet.	1	2				da	
9b5b4e5828acf4b0e7bb83691dc0acf53c7dc4a977ba2184804e18a5d137bd978ac1a74f98fcda4071604978b79ff329cb053e46dee81b42017a5cbde742e244	common_voice_da_28844799.mp3	Dette har ikke udmøntet sig i højere lønninger eller en væsentlig stigning i beskæftigelsen.	1	2				da	
9b5b4e5828acf4b0e7bb83691dc0acf53c7dc4a977ba2184804e18a5d137bd978ac1a74f98fcda4071604978b79ff329cb053e46dee81b42017a5cbde742e244	common_voice_da_28844963.mp3	Landene forvaltede naturligvis den nyfundne frihed i overensstemmelse med gammel skik og gamle vaner.	1	2				da	
9b5b4e5828acf4b0e7bb83691dc0acf53c7dc4a977ba2184804e18a5d137bd978ac1a74f98fcda4071604978b79ff329cb053e46dee81b42017a5cbde742e244	common_voice_da_28845163.mp3	Vi har brug for et sådant initiativ i de seks amtsområder.	0	2				da	
9b5b4e5828acf4b0e7bb83691dc0acf53c7dc4a977ba2184804e18a5d137bd978ac1a74f98fcda4071604978b79ff329cb053e46dee81b42017a5cbde742e244	common_voice_da_28845186.mp3	Den komplicerede og tidrøvende håndtering koster ikke blot meget tid, men også mange penge.	1	2				da	
9b5b4e5828acf4b0e7bb83691dc0acf53c7dc4a977ba2184804e18a5d137bd978ac1a74f98fcda4071604978b79ff329cb053e46dee81b42017a5cbde742e244	common_voice_da_28845195.mp3	Togo er på vej ud af en vanskelig politisk og økonomisk situation.	1	2				da	
bf7a5e4e6aff79adfe7ce5bf9f6807834058232836ebfb8ec6a6623b9ee4b3b965a32a512e741aec079358a0facb73c4a571d23203a5cf3c4368dd44dce9b5f9	common_voice_da_28915064.mp3	Den niende gang blev bolden borte og kom ikke mere igen	1	2				da	
bf7a5e4e6aff79adfe7ce5bf9f6807834058232836ebfb8ec6a6623b9ee4b3b965a32a512e741aec079358a0facb73c4a571d23203a5cf3c4368dd44dce9b5f9	common_voice_da_28915077.mp3	Vi vil følge sagen til dørs.	1	2				da	
1a23089e93fed4990e776cb2856537e6d73f7b41ac34ee0423727d547775a8dc3048a60e12532623cf91c92395e06edb28d6d88ff0236841ed31db9f395d89cd	common_voice_da_28917223.mp3	Hvis man betaler med lire, skal jeg så give tilbage i euro?	1	2	twenties	male		da	
54a7b030b5b4bd0f5395f355b85a5d5fc124249d94f0afa31d749c4bb417ab2da738867184ce509d5d75d857a876315d31274eaae6345af1cc416dfb246b99ac	common_voice_da_29094721.mp3	Når man finansierer forebyggelse, begrænser man ligeledes de betydelige udgifter til genrejsning.	0	2	fourties	female		da	
5c539e4e1af4a8a5ae6b60b509d696732cc41ac9f649ada8d266ef32ddc1b88266314c6de49d2b2018eec01b5d41be80727342005ee73c81ce7a96f0e6004bd4	common_voice_da_29158097.mp3	nej	1	2				da	Benchmark
5c539e4e1af4a8a5ae6b60b509d696732cc41ac9f649ada8d266ef32ddc1b88266314c6de49d2b2018eec01b5d41be80727342005ee73c81ce7a96f0e6004bd4	common_voice_da_29158510.mp3	ja	0	2	fourties	male		da	Benchmark
3b714b41f326dbaa8bc82e6db69b8af210729b480170188184322633f54a68db74c191e13fe32f976252b2202a5f2841cfef910c8da2786f02db330f3934e262	common_voice_da_29203822.mp3	Man må mildest talt sige, at forbrugerens interesse ikke altid følger producenternes.	1	2				da	
2b23a40b284c8109bbec97c0488e42b4df1007904494ce38252c5738f1436591b4d9e9620da4519923bb444419279940215a1503722398d023c7a22251d5fafc	common_voice_da_29260779.mp3	Alle glødede af optimisme, men det fusede ud.	1	2	thirties	male		da	
2970e5fa6d7571efb197e5a2f70922ae61ea1dac859be2ee1f3a5f50f3885d9a4a0dca926e5aa4c850489ee0029c10522b87f449cb38d2972bce58b712315feb	common_voice_da_29266941.mp3	Ingen af kejserens klæder havde gjort sådan lykke.	1	2	fifties	female		da	
2970e5fa6d7571efb197e5a2f70922ae61ea1dac859be2ee1f3a5f50f3885d9a4a0dca926e5aa4c850489ee0029c10522b87f449cb38d2972bce58b712315feb	common_voice_da_29267385.mp3	Udviklingslandene er blandt dem, der lider mest under denne økonomiske recession.	1	2	fifties	female		da	
be3ec6760c8fe6afb430b072f9abe84788c9812f856e5a962430d40adbf3d37d5100cd02cad4b1ae816b32ceb49bb42e74c389257622fcbd20da59fdf69233ba	common_voice_da_29309360.mp3	tree	1	2				da	Benchmark
be3ec6760c8fe6afb430b072f9abe84788c9812f856e5a962430d40adbf3d37d5100cd02cad4b1ae816b32ceb49bb42e74c389257622fcbd20da59fdf69233ba	common_voice_da_29309471.mp3	otte	0	2				da	Benchmark
be3ec6760c8fe6afb430b072f9abe84788c9812f856e5a962430d40adbf3d37d5100cd02cad4b1ae816b32ceb49bb42e74c389257622fcbd20da59fdf69233ba	common_voice_da_29309476.mp3	Samtidig banede sig fra hendes bevidstheds dybder frem en anelse.	0	2				da	
be3ec6760c8fe6afb430b072f9abe84788c9812f856e5a962430d40adbf3d37d5100cd02cad4b1ae816b32ceb49bb42e74c389257622fcbd20da59fdf69233ba	common_voice_da_29313303.mp3	"""Hele fortovet er væk og alle lygterne slukkede!"""	0	2				da	
be3ec6760c8fe6afb430b072f9abe84788c9812f856e5a962430d40adbf3d37d5100cd02cad4b1ae816b32ceb49bb42e74c389257622fcbd20da59fdf69233ba	common_voice_da_29313308.mp3	De opnåede resultater skal befæstes gennem passende politiske og lovgivningsmæssige initiativer.	0	2				da	
a1a1128fbbe203d81104729455b58f5c4df21af209c51d64f2ab0e1595264b3f8c64c223e2c0f126842205e5f1f2553744041663631b985b37be728330e08697	common_voice_da_29315738.mp3	to	1	2				da	Benchmark
a1a1128fbbe203d81104729455b58f5c4df21af209c51d64f2ab0e1595264b3f8c64c223e2c0f126842205e5f1f2553744041663631b985b37be728330e08697	common_voice_da_29315778.mp3	tree	0	2				da	Benchmark
b9f632e25528df94bf4c052d45560bf70afbd7aefcf481bf95950eb59f4adf6317157caeb3c4d5ecc68d8b12a98396a1f6d8e012a84d517d9a715b679eaa5b04	common_voice_da_29319273.mp3	en	0	2				da	Benchmark
be3ec6760c8fe6afb430b072f9abe84788c9812f856e5a962430d40adbf3d37d5100cd02cad4b1ae816b32ceb49bb42e74c389257622fcbd20da59fdf69233ba	common_voice_da_29328946.mp3	Der kommer de ned i en sky	1	2				da	
be3ec6760c8fe6afb430b072f9abe84788c9812f856e5a962430d40adbf3d37d5100cd02cad4b1ae816b32ceb49bb42e74c389257622fcbd20da59fdf69233ba	common_voice_da_29328947.mp3	Man skal trods alt være katolik for at kunne blive pave!	1	2				da	
be3ec6760c8fe6afb430b072f9abe84788c9812f856e5a962430d40adbf3d37d5100cd02cad4b1ae816b32ceb49bb42e74c389257622fcbd20da59fdf69233ba	common_voice_da_29328949.mp3	Desværre er det stadig sådan, at mange unge begynder at ryge.	0	2				da	
934af18e6f5c0897018865bd919bd96b68d92b76ecd68ed4ad133b397c042b4fed098f4fd91dfa0738cb23d9fe29be51f42373fe8197f85c95950a1fe8afb397	common_voice_da_29331189.mp3	Der er andet arbejde nok, så vi behøver ikke at udføre et sådant sisyfosarbejde.	0	2	twenties	female		da	
934af18e6f5c0897018865bd919bd96b68d92b76ecd68ed4ad133b397c042b4fed098f4fd91dfa0738cb23d9fe29be51f42373fe8197f85c95950a1fe8afb397	common_voice_da_29332565.mp3	Hvorfor beholder de alle deres grene hvor kører de hendet ved vi	0	2	twenties	female		da	
e42650687d3259da464d35aa939bb116a7209790b0fb6c361783172ba1119b202602453e14aefd829ce3ba9f350f9c808dd5c9e2e992044cfcda0b92c7b46f95	common_voice_da_29337793.mp3	ja	0	2				da	Benchmark
394a29063f3a707bceb33a94e8fa2bf1e35bce6ae81226f7e162fa8ae7948ecf763b8351d65e6c53e3b5318f5e464bd92292b0fc8ae4d4fbd678efd726e67db5	common_voice_da_29353974.mp3	Hver af dem plukkede en rose, dejlig at se	2	3				da	
9e4c56bdaaddd243886ee207b08edc3f0129c7e29d548c28b79f2fbafe809c4fd3d6754ffb2129fffa548f8fb8f8ab1d2d5fcaad73a25ebc7db2d8d69a469b8f	common_voice_da_29392086.mp3	Lad mig se at i sætter skik på dem	0	2				da	
9b5b4e5828acf4b0e7bb83691dc0acf53c7dc4a977ba2184804e18a5d137bd978ac1a74f98fcda4071604978b79ff329cb053e46dee81b42017a5cbde742e244	common_voice_da_29398183.mp3	Den vigtigste årsag er først og fremmest den øgede befolkningstilvækst i tredjelande.	1	2				da	
9b5b4e5828acf4b0e7bb83691dc0acf53c7dc4a977ba2184804e18a5d137bd978ac1a74f98fcda4071604978b79ff329cb053e46dee81b42017a5cbde742e244	common_voice_da_29398186.mp3	Men man er en ganske smule urolig for sammenføjningen af alle frihandelszonerne.	1	2				da	
9b5b4e5828acf4b0e7bb83691dc0acf53c7dc4a977ba2184804e18a5d137bd978ac1a74f98fcda4071604978b79ff329cb053e46dee81b42017a5cbde742e244	common_voice_da_29398273.mp3	Vi ynder at fastsætte betingelser i forbindelse med vores støttepakker.	1	2				da	
9b5b4e5828acf4b0e7bb83691dc0acf53c7dc4a977ba2184804e18a5d137bd978ac1a74f98fcda4071604978b79ff329cb053e46dee81b42017a5cbde742e244	common_voice_da_29398278.mp3	Det er rigtigt, at vi foretog en simulationsøvelse for kopper i sidste uge.	1	2				da	
2b23a40b284c8109bbec97c0488e42b4df1007904494ce38252c5738f1436591b4d9e9620da4519923bb444419279940215a1503722398d023c7a22251d5fafc	common_voice_da_29453194.mp3	En regnskabsmæssig dumhed i min valgkreds har straffet mine landmænd urimeligt.	0	2				da	
c292b17af116b857d45b56d21faf5ce20d177aeff255dd4b646837d21bddd2c23669ef16220bc49e54009212ecdcb71ab4d56b92cb96b881da3bf7d59ba1a9a9	common_voice_da_29518749.mp3	to	1	2				da	Benchmark
5c642ad1fe2a9ce2bef08c4e526c3b1e3418bac688aec8f92b949977235cd647f797d100b2f80714e1858b8390e6e4886860268a00ec69a0ba92bfba1b36e63a	common_voice_da_29544940.mp3	ni	1	2				da	Benchmark
5c642ad1fe2a9ce2bef08c4e526c3b1e3418bac688aec8f92b949977235cd647f797d100b2f80714e1858b8390e6e4886860268a00ec69a0ba92bfba1b36e63a	common_voice_da_29544943.mp3	fire	0	2				da	Benchmark
5c642ad1fe2a9ce2bef08c4e526c3b1e3418bac688aec8f92b949977235cd647f797d100b2f80714e1858b8390e6e4886860268a00ec69a0ba92bfba1b36e63a	common_voice_da_29544944.mp3	otte	0	2				da	Benchmark
5c642ad1fe2a9ce2bef08c4e526c3b1e3418bac688aec8f92b949977235cd647f797d100b2f80714e1858b8390e6e4886860268a00ec69a0ba92bfba1b36e63a	common_voice_da_29544945.mp3	to	0	2				da	Benchmark
5c642ad1fe2a9ce2bef08c4e526c3b1e3418bac688aec8f92b949977235cd647f797d100b2f80714e1858b8390e6e4886860268a00ec69a0ba92bfba1b36e63a	common_voice_da_29544947.mp3	nej	1	2				da	Benchmark
689dba5ee91938490e685adac3fea4fb120725f4b67e007f9478bff3f0ffceaaec458b9276e1fff8867b55f27b0944d83b0fd44497dc6bbedccd95b0006c6780	common_voice_da_29553271.mp3	otte	1	2				da	Benchmark
689dba5ee91938490e685adac3fea4fb120725f4b67e007f9478bff3f0ffceaaec458b9276e1fff8867b55f27b0944d83b0fd44497dc6bbedccd95b0006c6780	common_voice_da_29553301.mp3	tree	0	2				da	Benchmark
689dba5ee91938490e685adac3fea4fb120725f4b67e007f9478bff3f0ffceaaec458b9276e1fff8867b55f27b0944d83b0fd44497dc6bbedccd95b0006c6780	common_voice_da_29553353.mp3	Men ro blev der ikke hverken i huset eller udenfor	0	2				da	
689dba5ee91938490e685adac3fea4fb120725f4b67e007f9478bff3f0ffceaaec458b9276e1fff8867b55f27b0944d83b0fd44497dc6bbedccd95b0006c6780	common_voice_da_29553387.mp3	Bistanden blev ydet i form af interventionsmandskab, højt specialiseret udstyr og finansiel støtte.	0	2				da	
96847d8c634d138cda4e7820fb663565c43082b3d7b300e08b8a537fe1c9f3ea67fcae802a270a1c1ffc826c47f930e65849e12509baf25e73926c2053a9fb3e	common_voice_da_29561404.mp3	Der bor et stort russisk mindretal i landet samt mange ungarere, tatarer og rumænere.	0	2	fifties	female		da	
96847d8c634d138cda4e7820fb663565c43082b3d7b300e08b8a537fe1c9f3ea67fcae802a270a1c1ffc826c47f930e65849e12509baf25e73926c2053a9fb3e	common_voice_da_29561439.mp3	Og kragen nikkede ganske betænksomt og sagde	1	2	fifties	female		da	
96847d8c634d138cda4e7820fb663565c43082b3d7b300e08b8a537fe1c9f3ea67fcae802a270a1c1ffc826c47f930e65849e12509baf25e73926c2053a9fb3e	common_voice_da_29561514.mp3	For os er det uomgængeligt, at de også er integreret i videreudviklingen af strategier.	0	2	fifties	female		da	
96847d8c634d138cda4e7820fb663565c43082b3d7b300e08b8a537fe1c9f3ea67fcae802a270a1c1ffc826c47f930e65849e12509baf25e73926c2053a9fb3e	common_voice_da_29561619.mp3	Oh hvor det var gråt og tungt i den vide verden	0	2	fifties	female		da	
96847d8c634d138cda4e7820fb663565c43082b3d7b300e08b8a537fe1c9f3ea67fcae802a270a1c1ffc826c47f930e65849e12509baf25e73926c2053a9fb3e	common_voice_da_29561626.mp3	Derfor er mærkningen alt for ofte blevet brugt i flæng og uberettiget.	0	2	fifties	female		da	
96847d8c634d138cda4e7820fb663565c43082b3d7b300e08b8a537fe1c9f3ea67fcae802a270a1c1ffc826c47f930e65849e12509baf25e73926c2053a9fb3e	common_voice_da_29561879.mp3	Der styrtede sig ingen.	1	2	fifties	female		da	
96847d8c634d138cda4e7820fb663565c43082b3d7b300e08b8a537fe1c9f3ea67fcae802a270a1c1ffc826c47f930e65849e12509baf25e73926c2053a9fb3e	common_voice_da_29561900.mp3	Jeg har netop fået at vide, at der er en stavefejl.	0	2	fifties	female		da	
96847d8c634d138cda4e7820fb663565c43082b3d7b300e08b8a537fe1c9f3ea67fcae802a270a1c1ffc826c47f930e65849e12509baf25e73926c2053a9fb3e	common_voice_da_29561955.mp3	Jeg tror, at denne kvalitetsgraduering opad ville være meget vigtig for forbrugerne og borgerne.	1	2	fifties	female		da	
96847d8c634d138cda4e7820fb663565c43082b3d7b300e08b8a537fe1c9f3ea67fcae802a270a1c1ffc826c47f930e65849e12509baf25e73926c2053a9fb3e	common_voice_da_29561995.mp3	Taler vi ondt om virksomheden?	0	2	fifties	female		da	
a0b0477a804bf7e5fee7412a93a1f0afa32c45a1769d4630b780c8bc7547a1338dd15dcd2b31e8cf4cc4c9863aaa740436de179975a070b02b24e1b2a23bae91	common_voice_da_29634422.mp3	ni	1	2	fourties	male		da	Benchmark
68ba03668d752bacc8206a9ee71fcca3f74ef3aa24edd627059ff3c3b02702184aa8a23180775f5589ed106fc3ad4bed46a40bb03a3f1e5f687801c4ff640891	common_voice_da_29817530.mp3	Det var en fæl lugtende svovlstik, hun tændte mig med	1	2	thirties	male		da	
68ba03668d752bacc8206a9ee71fcca3f74ef3aa24edd627059ff3c3b02702184aa8a23180775f5589ed106fc3ad4bed46a40bb03a3f1e5f687801c4ff640891	common_voice_da_29817552.mp3	Kommissionen regner med netop denne støtte til at udarbejde en pointtavle.	1	3	thirties	male		da	
a0b0477a804bf7e5fee7412a93a1f0afa32c45a1769d4630b780c8bc7547a1338dd15dcd2b31e8cf4cc4c9863aaa740436de179975a070b02b24e1b2a23bae91	common_voice_da_30022948.mp3	Hele dagen stod snemanden og så ind af vinduet.	1	2				da	
a0b0477a804bf7e5fee7412a93a1f0afa32c45a1769d4630b780c8bc7547a1338dd15dcd2b31e8cf4cc4c9863aaa740436de179975a070b02b24e1b2a23bae91	common_voice_da_30023186.mp3	Og hvis et tog kører forbi et rødt stopsignal, aktiveres bremserne også automatisk.	1	2				da	
a0b0477a804bf7e5fee7412a93a1f0afa32c45a1769d4630b780c8bc7547a1338dd15dcd2b31e8cf4cc4c9863aaa740436de179975a070b02b24e1b2a23bae91	common_voice_da_30023474.mp3	Der har du et lys til, min lille ven	1	2				da	
a0b0477a804bf7e5fee7412a93a1f0afa32c45a1769d4630b780c8bc7547a1338dd15dcd2b31e8cf4cc4c9863aaa740436de179975a070b02b24e1b2a23bae91	common_voice_da_30023510.mp3	Han sagde ganske højt, for at degnen kunne høre det.	0	2				da	
ffc808e9e678d895c256b73afa4c8a297a3a4af4a8400787feb2a99537c0e146b62a04bdadba3d48ec7ed6dcc31549b685dc24a17ec499bde80cc8a093b53c19	common_voice_da_30058215.mp3	Alt dejligt og glædeligt så han deri	1	2				da	
ffc808e9e678d895c256b73afa4c8a297a3a4af4a8400787feb2a99537c0e146b62a04bdadba3d48ec7ed6dcc31549b685dc24a17ec499bde80cc8a093b53c19	common_voice_da_30058993.mp3	Fuglen flagrede forvildet om derinde	1	2				da	
7aab86a624766a18e12f4ae79ae01ac6e0ab3b548ee2dda56faca55ac1e021aa328117d19cbfd3bb7528b925ed71703a31c4c8dd7926a3e41f7f44a67b0ed0d8	common_voice_da_30098974.mp3	sagde den portugisiske, ligner De mig med katten, det rovdyr!	1	2	twenties	male		da	
2b23a40b284c8109bbec97c0488e42b4df1007904494ce38252c5738f1436591b4d9e9620da4519923bb444419279940215a1503722398d023c7a22251d5fafc	common_voice_da_30129644.mp3	Disse billeder udgør en indtrængen på en persons private enemærker.	0	2				da	
2b23a40b284c8109bbec97c0488e42b4df1007904494ce38252c5738f1436591b4d9e9620da4519923bb444419279940215a1503722398d023c7a22251d5fafc	common_voice_da_30131100.mp3	Hans eneste fejl er, at han har fordømt regimets slingrende kurs.	0	2				da	
2b23a40b284c8109bbec97c0488e42b4df1007904494ce38252c5738f1436591b4d9e9620da4519923bb444419279940215a1503722398d023c7a22251d5fafc	common_voice_da_30131926.mp3	Se, det er nu en historie!	0	2				da	
3e9a0cce1892bef504e5f48a4c510103ee76520d13d178aefc156271b4178c086b57f040e336e6b4ce025506329af765bfb6fee2d74a7465ae47f5ed4554b860	common_voice_da_30140344.mp3	Og så kom der nok en lille	0	2				da	
3e9a0cce1892bef504e5f48a4c510103ee76520d13d178aefc156271b4178c086b57f040e336e6b4ce025506329af765bfb6fee2d74a7465ae47f5ed4554b860	common_voice_da_30241953.mp3	sagde han, hvor er jeg kommet her op og således faldet i søvn!	0	2				da	
907ed2917121816e52025ae202d72197da29a854236dfb20fa00161160ae8a5d04122849f87b8175c0f8ffb3e52cd6617cac01b4a0dd48997339d4045efde808	common_voice_da_30265628.mp3	Passivitet, udsættelse og udmattende konferencer vil kun medføre uoprettelig skade på miljøet.	1	3				da	
907ed2917121816e52025ae202d72197da29a854236dfb20fa00161160ae8a5d04122849f87b8175c0f8ffb3e52cd6617cac01b4a0dd48997339d4045efde808	common_voice_da_30266439.mp3	Aldrig en lille smule kaffekommers af de hvide rævefrøkner	0	2				da	
81617aac9be512f490298c36ea2abf39e60ed83097fdde81882aa8a63a87f606415ff094c5503b7c3013d170c2c66df626a4ed6e6e0b7d47b236281b51d49341	common_voice_da_30316351.mp3	tree	0	2				da	Benchmark
7aab86a624766a18e12f4ae79ae01ac6e0ab3b548ee2dda56faca55ac1e021aa328117d19cbfd3bb7528b925ed71703a31c4c8dd7926a3e41f7f44a67b0ed0d8	common_voice_da_30336027.mp3	Da hun nu syntes godt om Tommelise, sagde hun.	1	2	twenties	male		da	
391e0bd0d3d2c967df92993178ab67e376f52b7a31c7d89ca017a79cef1b17647027e7f3042dc2b64d28e3e1d25111dc9fb988e80d3ed30d46931c25293455a9	common_voice_da_30337146.mp3	tree	0	2	fifties	male		da	Benchmark
2b0602a739f1fb352a7b70031cecabc7a48a843889daef9dd2372082068ab4784a1ddaffcc325bcde0837bb0c8073a1bcfb320be2a00ee151f993b2fe9df07c4	common_voice_da_30358029.mp3	nul	1	2				da	Benchmark
2b0602a739f1fb352a7b70031cecabc7a48a843889daef9dd2372082068ab4784a1ddaffcc325bcde0837bb0c8073a1bcfb320be2a00ee151f993b2fe9df07c4	common_voice_da_30358034.mp3	syv	1	2	twenties	male		da	Benchmark
2b0602a739f1fb352a7b70031cecabc7a48a843889daef9dd2372082068ab4784a1ddaffcc325bcde0837bb0c8073a1bcfb320be2a00ee151f993b2fe9df07c4	common_voice_da_30358043.mp3	Når kom han var han mellem de mangegiv tid	1	2	twenties	male		da	
68ba03668d752bacc8206a9ee71fcca3f74ef3aa24edd627059ff3c3b02702184aa8a23180775f5589ed106fc3ad4bed46a40bb03a3f1e5f687801c4ff640891	common_voice_da_30385972.mp3	Det går ikke ganske i verden, som de tror, men det går	1	2	thirties	male		da	
b6ea1b68cc3a0e2667de3c10a45faa415dbadaee0c683e167f45630214ab91e3ea862ffeece08a767303bbf115fdd4213c6808c6b8ffbe0048d4a0d6cc335869	common_voice_da_30515264.mp3	fire	1	2				da	Benchmark
8d86b51231d0515625e3f691488314d0b56a9a09f27e79b1a3929475c9deeaa5ee93a9001e20608abb6a0be1fb2e4bbe3dd277ec6504616d1d48d96d09854168	common_voice_da_30515653.mp3	tree	1	2				da	Benchmark
39df0d81ffb01d7fcfe70a90a96c5245279200bc51f1313d69bc007881081926f8a9b49dc3aab1912bf5f009ca47d634f18abfdc53971fb599b8dadf97a9a909	common_voice_da_30515691.mp3	For de troede, at de var halvparten, og det den allerbedste del	1	2	thirties	male		da	
d14dc18b7f60dd7b8c406a82e5692939966f0357f5865e9f1217b6b9136404d4e72be8c34ab8260ebba33365879af27ac10aa1aeac00f102c416f0fc8e4eb77c	common_voice_da_30528582.mp3	seks	0	2				da	Benchmark
d14dc18b7f60dd7b8c406a82e5692939966f0357f5865e9f1217b6b9136404d4e72be8c34ab8260ebba33365879af27ac10aa1aeac00f102c416f0fc8e4eb77c	common_voice_da_30528584.mp3	otte	1	2				da	Benchmark
d14dc18b7f60dd7b8c406a82e5692939966f0357f5865e9f1217b6b9136404d4e72be8c34ab8260ebba33365879af27ac10aa1aeac00f102c416f0fc8e4eb77c	common_voice_da_30528585.mp3	ja	0	2				da	Benchmark
d14dc18b7f60dd7b8c406a82e5692939966f0357f5865e9f1217b6b9136404d4e72be8c34ab8260ebba33365879af27ac10aa1aeac00f102c416f0fc8e4eb77c	common_voice_da_30528586.mp3	en	0	2				da	Benchmark
68ba03668d752bacc8206a9ee71fcca3f74ef3aa24edd627059ff3c3b02702184aa8a23180775f5589ed106fc3ad4bed46a40bb03a3f1e5f687801c4ff640891	common_voice_da_30545649.mp3	så gik hun hen til en gammel heks og sagde til hende.	0	2	thirties	male		da	
baf08233da5a0d0d8ecf2cb012cd6657716eca4201a1425500970db7a2a62e71388a32f7b5dfab169e9c77cde571e4e6d74b91316691d2554ded5979032d0844	common_voice_da_30557602.mp3	Hvordan er et retfærdigt samfund?	0	2	twenties	male		da	
54d8a92e210b83cd5ddd73605a1f8c107d2cb0bbb67625209ce9e9359ef66fae589be5af8d005e0633f75b1e5d77b57b4db2124de33886bd99a3c46be5e10c08	common_voice_da_30574106.mp3	Forklaringen på de overdrevne udgifter er først og fremmest leflen for kunderne.	0	2				da	
54d8a92e210b83cd5ddd73605a1f8c107d2cb0bbb67625209ce9e9359ef66fae589be5af8d005e0633f75b1e5d77b57b4db2124de33886bd99a3c46be5e10c08	common_voice_da_30574108.mp3	Hvor andet ikke er angivet, skal udtalelsen afgives af en speciallæge i neurologi	0	2				da	
68ba03668d752bacc8206a9ee71fcca3f74ef3aa24edd627059ff3c3b02702184aa8a23180775f5589ed106fc3ad4bed46a40bb03a3f1e5f687801c4ff640891	common_voice_da_30607465.mp3	Hvad er den langsigtede vision for vores rumpolitik, og hvad er formålet med den?	1	2	thirties	male		da	
c0aa9b842389cb6f7fd1f3662f028d0933f4fcb997092e37c6feb56fdd512a5948bbe2fb96d03e121b16b4194671957edf27275f9f7a58bdf81e4fd0406381b9	common_voice_da_30642557.mp3	otte	3	6	thirties	male	Nordsjælland,København	da	Benchmark
c0aa9b842389cb6f7fd1f3662f028d0933f4fcb997092e37c6feb56fdd512a5948bbe2fb96d03e121b16b4194671957edf27275f9f7a58bdf81e4fd0406381b9	common_voice_da_30642603.mp3	Der stod en bistade ud for døren, meget nyttig	3	6	thirties	male	Nordsjælland,København	da	
c0aa9b842389cb6f7fd1f3662f028d0933f4fcb997092e37c6feb56fdd512a5948bbe2fb96d03e121b16b4194671957edf27275f9f7a58bdf81e4fd0406381b9	common_voice_da_30642620.mp3	Disse områder øger blot bureaukratiet og tynger budgettet uden at bidrage med væsentlige resultater.	0	6	thirties	male	Nordsjælland,København	da	
c0aa9b842389cb6f7fd1f3662f028d0933f4fcb997092e37c6feb56fdd512a5948bbe2fb96d03e121b16b4194671957edf27275f9f7a58bdf81e4fd0406381b9	common_voice_da_30642622.mp3	Er du ikke oppe?	0	6	thirties	male	Nordsjælland,København	da	
c0aa9b842389cb6f7fd1f3662f028d0933f4fcb997092e37c6feb56fdd512a5948bbe2fb96d03e121b16b4194671957edf27275f9f7a58bdf81e4fd0406381b9	common_voice_da_30642624.mp3	I forbindelse med rumopvarmning har vi således været uafhængige af prisudsving på verdensmarkedet.	3	6	thirties	male	Nordsjælland,København	da	
c0aa9b842389cb6f7fd1f3662f028d0933f4fcb997092e37c6feb56fdd512a5948bbe2fb96d03e121b16b4194671957edf27275f9f7a58bdf81e4fd0406381b9	common_voice_da_30642625.mp3	Det er vel egentlig helt evident.	0	6	thirties	male	Nordsjælland,København	da	
c0aa9b842389cb6f7fd1f3662f028d0933f4fcb997092e37c6feb56fdd512a5948bbe2fb96d03e121b16b4194671957edf27275f9f7a58bdf81e4fd0406381b9	common_voice_da_30643163.mp3	Det Psykiatriske Patientklagenævn ved Nævnenes Hus offentliggør hvert år en beretning om sin virksomhed.	0	6	thirties	male	Nordsjælland,København	da	
c0aa9b842389cb6f7fd1f3662f028d0933f4fcb997092e37c6feb56fdd512a5948bbe2fb96d03e121b16b4194671957edf27275f9f7a58bdf81e4fd0406381b9	common_voice_da_30643175.mp3	Nej, sagde rejsekammeraten, det er ikke skyer, det er bjergene.	0	6	thirties	male	Nordsjælland,København	da	
c0aa9b842389cb6f7fd1f3662f028d0933f4fcb997092e37c6feb56fdd512a5948bbe2fb96d03e121b16b4194671957edf27275f9f7a58bdf81e4fd0406381b9	common_voice_da_30643179.mp3	Hun så tre gange tilbage, men der var ingen, som kom efter hende	3	6	thirties	male	Nordsjælland,København	da	
c9e4877eac913c7224a697f0ce83d02d5d2ee119e3fa468cc8567cd40c757f93f06b5656f0e67ba50318bb8c858f171dc91e6042a6670e63fb9caf30cdbb122a	common_voice_da_30648122.mp3	otte	1	2				da	Benchmark
c9e4877eac913c7224a697f0ce83d02d5d2ee119e3fa468cc8567cd40c757f93f06b5656f0e67ba50318bb8c858f171dc91e6042a6670e63fb9caf30cdbb122a	common_voice_da_30648124.mp3	to	0	2				da	Benchmark
d6a4c06793dd96ba9312b7ff14e0b8dbbb8359ff491084dcfcb8e8cf698a6c4baaae06590455af9d09c43b9c49123a9da11d621fe2606630a18ce4424dcc9a65	common_voice_da_30648187.mp3	Hvad der dog er hændet hans	0	2	thirties	male		da	
d6a4c06793dd96ba9312b7ff14e0b8dbbb8359ff491084dcfcb8e8cf698a6c4baaae06590455af9d09c43b9c49123a9da11d621fe2606630a18ce4424dcc9a65	common_voice_da_30648199.mp3	Diskuter nogle anvendelsesmuligheder for kvantecomputere	1	2	thirties	male		da	
d6a4c06793dd96ba9312b7ff14e0b8dbbb8359ff491084dcfcb8e8cf698a6c4baaae06590455af9d09c43b9c49123a9da11d621fe2606630a18ce4424dcc9a65	common_voice_da_30648201.mp3	Den skaber også holdninger til aids i den bredere befolkning.	1	2	thirties	male		da	
d6a4c06793dd96ba9312b7ff14e0b8dbbb8359ff491084dcfcb8e8cf698a6c4baaae06590455af9d09c43b9c49123a9da11d621fe2606630a18ce4424dcc9a65	common_voice_da_30648204.mp3	Er det at diversificere økonomien i regionerne?	0	2	thirties	male		da	
d6a4c06793dd96ba9312b7ff14e0b8dbbb8359ff491084dcfcb8e8cf698a6c4baaae06590455af9d09c43b9c49123a9da11d621fe2606630a18ce4424dcc9a65	common_voice_da_30648255.mp3	Stemmer kometenog kometen kom, skinnede med sin ildkerne og truede med sit ris	1	2	thirties	male		da	
d6a4c06793dd96ba9312b7ff14e0b8dbbb8359ff491084dcfcb8e8cf698a6c4baaae06590455af9d09c43b9c49123a9da11d621fe2606630a18ce4424dcc9a65	common_voice_da_30648272.mp3	Sigøjnerne er en meget bred, europæisk minoritet.	0	2	thirties	male		da	
d6a4c06793dd96ba9312b7ff14e0b8dbbb8359ff491084dcfcb8e8cf698a6c4baaae06590455af9d09c43b9c49123a9da11d621fe2606630a18ce4424dcc9a65	common_voice_da_30648279.mp3	Uden en enhedsregering for palæstinenserne kan fredsprocessen ikke styres.	0	2	thirties	male		da	
d6a4c06793dd96ba9312b7ff14e0b8dbbb8359ff491084dcfcb8e8cf698a6c4baaae06590455af9d09c43b9c49123a9da11d621fe2606630a18ce4424dcc9a65	common_voice_da_30648345.mp3	Det er en milepæl på vores vej til fremtiden.	1	2	thirties	male		da	
d6a4c06793dd96ba9312b7ff14e0b8dbbb8359ff491084dcfcb8e8cf698a6c4baaae06590455af9d09c43b9c49123a9da11d621fe2606630a18ce4424dcc9a65	common_voice_da_30648356.mp3	Vold af denne art er foragtelig og umenneskelig og derfor også umandig.	0	2	thirties	male		da	
d6a4c06793dd96ba9312b7ff14e0b8dbbb8359ff491084dcfcb8e8cf698a6c4baaae06590455af9d09c43b9c49123a9da11d621fe2606630a18ce4424dcc9a65	common_voice_da_30648357.mp3	Og hendes sind var vredt og ondt mod alle mennesker	0	2	thirties	male		da	
d6a4c06793dd96ba9312b7ff14e0b8dbbb8359ff491084dcfcb8e8cf698a6c4baaae06590455af9d09c43b9c49123a9da11d621fe2606630a18ce4424dcc9a65	common_voice_da_30648358.mp3	Just med krøblingen skulle det vise sig	0	2	thirties	male		da	
d6a4c06793dd96ba9312b7ff14e0b8dbbb8359ff491084dcfcb8e8cf698a6c4baaae06590455af9d09c43b9c49123a9da11d621fe2606630a18ce4424dcc9a65	common_voice_da_30648359.mp3	Dem skal man også holde på	0	2	thirties	male		da	
d6a4c06793dd96ba9312b7ff14e0b8dbbb8359ff491084dcfcb8e8cf698a6c4baaae06590455af9d09c43b9c49123a9da11d621fe2606630a18ce4424dcc9a65	common_voice_da_30648366.mp3	Det er påvist, at det høje niveau af blypartikler i atmosfæren påvirker børns intelligenskvotient.	0	2	thirties	male		da	
d6a4c06793dd96ba9312b7ff14e0b8dbbb8359ff491084dcfcb8e8cf698a6c4baaae06590455af9d09c43b9c49123a9da11d621fe2606630a18ce4424dcc9a65	common_voice_da_30648389.mp3	Gerningsmændene frifindes, og undertiden rejses der ikke en gang sigtelse mod dem.	1	2	thirties	male		da	
1b1fb8a4f893e708d7bc9e63b716cb34a310c8ab0e4c534e6108824094f3377e513178c0706a01a252674e806ce62d97594fd3a6c514460b79641b62e576b51f	common_voice_da_30661469.mp3	Hvordan har du det dogrigt og godt i alle måder	1	2	twenties	male		da	
4b7e0002800bd16048dbe9544943910bbd2dfd75f8efe91f729ff88c9476b649a9aa721046a3b3ed4c5d47d738e1ffd6eca48fb9b45efe0d4bb3844fee4548ff	common_voice_da_30752088.mp3	Jeg vil dog ligge på det lidt endnu	0	2				da	
053aaa7a4d59c3405ae86284f6d20c081284c972675fdce0c3a0e0d043731f2f95b0029ca2f88c016874802f5140e45a4d088315ece68815a33f5929e981151b	common_voice_da_30890477.mp3	otte	1	2	twenties	female		da	Benchmark
053aaa7a4d59c3405ae86284f6d20c081284c972675fdce0c3a0e0d043731f2f95b0029ca2f88c016874802f5140e45a4d088315ece68815a33f5929e981151b	common_voice_da_30890514.mp3	tree	0	2	twenties	female		da	Benchmark
053aaa7a4d59c3405ae86284f6d20c081284c972675fdce0c3a0e0d043731f2f95b0029ca2f88c016874802f5140e45a4d088315ece68815a33f5929e981151b	common_voice_da_30890560.mp3	I dagningen luftede det	0	2	twenties	female		da	
053aaa7a4d59c3405ae86284f6d20c081284c972675fdce0c3a0e0d043731f2f95b0029ca2f88c016874802f5140e45a4d088315ece68815a33f5929e981151b	common_voice_da_30890562.mp3	de havde plukket alle fjerene af sig!	0	2	twenties	female		da	
053aaa7a4d59c3405ae86284f6d20c081284c972675fdce0c3a0e0d043731f2f95b0029ca2f88c016874802f5140e45a4d088315ece68815a33f5929e981151b	common_voice_da_30890844.mp3	Folk siger dog at han daglig handler ilde mod eder.	0	2	twenties	female		da	
053aaa7a4d59c3405ae86284f6d20c081284c972675fdce0c3a0e0d043731f2f95b0029ca2f88c016874802f5140e45a4d088315ece68815a33f5929e981151b	common_voice_da_30890846.mp3	- Nu ser du ud på hænderne ligesom min ækle moder!	0	2	twenties	female		da	
96e7886ecd94064b26821582968aa2de9254cca96ee8260f8f1ec6bf95173f1026172432a450af2feb0efc5a844b462588b77569a596240efa99b9293113fde6	common_voice_da_31176549.mp3	tree	0	2				da	Benchmark
5704a49b3bc54f243109cfeb1cc755878480152b8815c63b83c1e61ae267960a2f91c823ce19d87c9206357631ae460bead3c3106d31589fcf9afaafe0be6537	common_voice_da_31180847.mp3	tree	0	2				da	Benchmark
bcfc8e7177e7319926b275ff0ea97d7eb735cf86b9383dd9588fe05121dcf5b11097a211758a32e1f68136ce2b2c9bd0161c68b891aa0d5865b2ec1261cb8667	common_voice_da_31191100.mp3	tree	0	2				da	Benchmark
689dba5ee91938490e685adac3fea4fb120725f4b67e007f9478bff3f0ffceaaec458b9276e1fff8867b55f27b0944d83b0fd44497dc6bbedccd95b0006c6780	common_voice_da_31202724.mp3	Det arme barn løb, så han til sidst ej kunne drage ånde	0	2				da	
6c92de8f57d55cf4d88e05f99bb475cfe0f90beea6725c5c34b9e1a7ac6f502aae6a4d24fe6d293f46e65489053461c764ae7ca745a89455af062ee04ed327d5	common_voice_da_31401955.mp3	Det er ikke muligt, Larsen!	2	4	twenties	male	Sjælland/København	da	
6c92de8f57d55cf4d88e05f99bb475cfe0f90beea6725c5c34b9e1a7ac6f502aae6a4d24fe6d293f46e65489053461c764ae7ca745a89455af062ee04ed327d5	common_voice_da_31401957.mp3	dagene blive timer, timerne minutter!	2	4	twenties	male	Sjælland/København	da	
6c92de8f57d55cf4d88e05f99bb475cfe0f90beea6725c5c34b9e1a7ac6f502aae6a4d24fe6d293f46e65489053461c764ae7ca745a89455af062ee04ed327d5	common_voice_da_31402074.mp3	Den lille prinsesse, hendes fader og moder, hele folket med stod og ventede.	2	2	twenties	male	Sjælland/København	da	
6c92de8f57d55cf4d88e05f99bb475cfe0f90beea6725c5c34b9e1a7ac6f502aae6a4d24fe6d293f46e65489053461c764ae7ca745a89455af062ee04ed327d5	common_voice_da_31402077.mp3	men så blev den en dag hel og holden forgyldt.	2	4	twenties	male	Sjælland/København	da	
6c92de8f57d55cf4d88e05f99bb475cfe0f90beea6725c5c34b9e1a7ac6f502aae6a4d24fe6d293f46e65489053461c764ae7ca745a89455af062ee04ed327d5	common_voice_da_31402301.mp3	Jeg har min gode bevidsthed og det er altid en lille fornøjelse	2	2	twenties	male	Sjælland/København	da	
6c92de8f57d55cf4d88e05f99bb475cfe0f90beea6725c5c34b9e1a7ac6f502aae6a4d24fe6d293f46e65489053461c764ae7ca745a89455af062ee04ed327d5	common_voice_da_31402676.mp3	sagde Klods-Hans, det er ikke til at tale om!	2	2	twenties	male	Sjælland/København	da	
6c92de8f57d55cf4d88e05f99bb475cfe0f90beea6725c5c34b9e1a7ac6f502aae6a4d24fe6d293f46e65489053461c764ae7ca745a89455af062ee04ed327d5	common_voice_da_31402712.mp3	Sara vågede, plejede, arbejdede, mild og from, en velsignelse i det fattige hus	0	4	twenties	male	Sjælland/København	da	
6c92de8f57d55cf4d88e05f99bb475cfe0f90beea6725c5c34b9e1a7ac6f502aae6a4d24fe6d293f46e65489053461c764ae7ca745a89455af062ee04ed327d5	common_voice_da_31756539.mp3	Lad os blive ved at være interessante for os selv	0	2	twenties	male	Sjælland/København	da	
6c92de8f57d55cf4d88e05f99bb475cfe0f90beea6725c5c34b9e1a7ac6f502aae6a4d24fe6d293f46e65489053461c764ae7ca745a89455af062ee04ed327d5	common_voice_da_31756541.mp3	»Det er de evigt besneede Bjerge, Du seer!	0	2	twenties	male	Sjælland/København	da	
